,leiden
AAACCTGCAGTATCTG-1,10
AAACCTGTCGGCGCTA-1,0
AAACGGGAGGGCTTCC-1,0
AAACGGGAGTCTCGGC-1,3
AAACGGGCATAAAGGT-1,5
AAACGGGGTGTATGGG-1,3
AAACGGGTCCGCAAGC-1,5
AAAGATGAGCTTCGCG-1,7
AAAGATGCATGATCCA-1,5
AAAGATGCATTCGACA-1,0
AAAGATGGTCTTCGTC-1,2
AAAGATGTCACTTCAT-1,3
AAAGATGTCTTCGAGA-1,5
AAAGCAAGTAATTGGA-1,0
AAAGCAATCGTCCAGG-1,9
AAAGTAGCACGGCTAC-1,0
AAAGTAGGTAAAGTCA-1,1
AAAGTAGGTTCGCGAC-1,13
AAAGTAGTCTCTGTCG-1,10
AAATGCCAGATGAGAG-1,13
AAATGCCAGCGTAATA-1,2
AAATGCCAGCGTTTAC-1,0
AAATGCCGTAATTGGA-1,7
AAATGCCGTATAGGTA-1,7
AAATGCCGTCAAAGAT-1,16
AAATGCCTCCAAAGTC-1,9
AACACGTCAAGGTTCT-1,9
AACACGTCACCGAAAG-1,0
AACACGTGTCTAGTCA-1,17
AACACGTTCGAACTGT-1,0
AACCATGCAACACCTA-1,12
AACCATGCAGCTGTTA-1,3
AACCATGGTACCGTAT-1,8
AACCGCGAGCCCAATT-1,17
AACCGCGAGGAGCGAG-1,7
AACCGCGGTAGGCTGA-1,9
AACCGCGTCACCGTAA-1,0
AACGTTGCAATCGAAA-1,2
AACGTTGGTGCATCTA-1,11
AACGTTGTCAGCACAT-1,2
AACTCAGAGTGCAAGC-1,0
AACTCAGCAGCCACCA-1,6
AACTCAGCATCTCCCA-1,1
AACTCAGGTACCTACA-1,2
AACTCAGGTTATTCTC-1,8
AACTCAGGTTCCACGG-1,4
AACTCAGTCTGAAAGA-1,3
AACTCCCAGGACATTA-1,1
AACTCCCCAGATCGGA-1,5
AACTCCCGTAAGTGGC-1,13
AACTCCCGTACAGTGG-1,3
AACTCCCGTAGCGTCC-1,1
AACTCCCGTCACCTAA-1,0
AACTCCCGTTACAGAA-1,4
AACTCCCTCAAGGCTT-1,7
AACTCTTCAAACAACA-1,6
AACTCTTCAAGAAGAG-1,15
AACTCTTCACCATGTA-1,5
AACTGGTGTGGACGAT-1,3
AACTGGTGTTAGTGGG-1,3
AACTGGTTCTTCATGT-1,12
AACTTTCAGTAAGTAC-1,5
AACTTTCCAGTCACTA-1,8
AACTTTCGTCGCGTGT-1,12
AACTTTCGTGACGCCT-1,11
AACTTTCTCAATCACG-1,4
AAGACCTGTCGTTGTA-1,4
AAGACCTGTCTGATCA-1,9
AAGACCTTCGCCAGCA-1,7
AAGCCGCCATGCAATC-1,3
AAGCCGCCATGTCTCC-1,0
AAGGAGCCACACGCTG-1,1
AAGGAGCCAGGAATCG-1,0
AAGGAGCGTAATTGGA-1,2
AAGGCAGGTGTGGCTC-1,2
AAGGCAGTCGAATGCT-1,8
AAGGTTCAGGTGATTA-1,0
AAGGTTCCATAAAGGT-1,0
AAGTCTGAGCAGCGTA-1,10
AAGTCTGGTAAGGGAA-1,6
AAGTCTGTCAGCTGGC-1,1
AATCCAGAGACTTGAA-1,0
AATCCAGGTCATCCCT-1,8
AATCCAGGTTCAGTAC-1,14
AATCGGTTCCGCATAA-1,4
AATCGGTTCTGGGCCA-1,13
ACACCAAAGCGTAATA-1,2
ACACCAACACAGACTT-1,0
ACACCAACACCCAGTG-1,0
ACACCAAGTAAACCTC-1,7
ACACCAAGTATAAACG-1,6
ACACCAATCCCATTAT-1,2
ACACCAATCTTGGGTA-1,9
ACACCCTAGATGTAAC-1,8
ACACCCTCATGCAACT-1,0
ACACCCTCATGGATGG-1,13
ACACCCTGTACTCGCG-1,5
ACACCCTGTTCCACAA-1,1
ACACCCTTCTATCGCC-1,0
ACACCGGCAACGATGG-1,8
ACACCGGTCCCGGATG-1,2
ACACTGAAGCTTCGCG-1,7
ACACTGAAGTTGAGAT-1,3
ACACTGACACACTGCG-1,3
ACACTGAGTTGAACTC-1,1
ACAGCCGAGAGACGAA-1,0
ACAGCCGGTTCGCTAA-1,2
ACAGCCGTCTCAAGTG-1,14
ACAGCTACAGGCTCAC-1,7
ACATACGCAGTTAACC-1,1
ACATACGGTGGTACAG-1,0
ACATCAGGTGTGAATA-1,6
ACATGGTAGAAACGCC-1,11
ACATGGTGTTTCGCTC-1,10
ACATGGTTCCGTCATC-1,4
ACCAGTACATGGTCTA-1,10
ACCCACTAGGTGCTTT-1,0
ACCCACTCAGGGCATA-1,7
ACCCACTGTAACGTTC-1,16
ACCCACTGTACTTAGC-1,11
ACCCACTGTAGAAAGG-1,0
ACCCACTGTAGCGTCC-1,3
ACCCACTGTGCGAAAC-1,17
ACCGTAAAGTGGGATC-1,9
ACCGTAACATTGGCGC-1,16
ACCGTAATCAACGCTA-1,5
ACCGTAATCGTCTGAA-1,2
ACCTTTACAATGTTGC-1,0
ACCTTTAGTTTAGGAA-1,2
ACCTTTATCAAGAAGT-1,3
ACGAGCCGTGGTAACG-1,2
ACGAGGACAGGGTTAG-1,3
ACGATACCAATAAGCA-1,1
ACGATACGTCTCACCT-1,7
ACGATGTCACCCATTC-1,10
ACGATGTCACGAAAGC-1,15
ACGATGTGTAGAGGAA-1,3
ACGATGTGTCTAACGT-1,3
ACGATGTTCACCGTAA-1,5
ACGCAGCAGATCTGCT-1,1
ACGCAGCAGGCACATG-1,3
ACGCAGCCAAGCCCAC-1,0
ACGCAGCTCACATAGC-1,8
ACGCCAGGTTGGTTTG-1,4
ACGCCGAGTAAGAGAG-1,8
ACGCCGAGTCTTGCGG-1,0
ACGCCGATCTTAGCCC-1,4
ACGGAGAGTCGTCTTC-1,14
ACGGAGAGTCTGATTG-1,16
ACGGAGAGTTAAGTAG-1,3
ACGGCCAAGGCATGGT-1,6
ACGGCCATCGAATCCA-1,4
ACGGGCTAGGTTCCTA-1,5
ACGGGCTTCTAACCGA-1,3
ACGGGTCGTCGCATCG-1,14
ACGGGTCTCGTTGACA-1,0
ACGTCAAAGGGTTTCT-1,12
ACGTCAACAAACCTAC-1,4
ACTATCTGTACCGTAT-1,10
ACTATCTTCAAGATCC-1,0
ACTATCTTCGCAAGCC-1,2
ACTGAACCAGACGCCT-1,4
ACTGAACGTCCATGAT-1,6
ACTGAACGTTACTGAC-1,4
ACTGAACGTTGCTCCT-1,4
ACTGAACTCGTGACAT-1,14
ACTGAACTCTGTGCAA-1,15
ACTGAGTAGCAGCCTC-1,0
ACTGAGTAGTGTACTC-1,2
ACTGAGTTCAGCAACT-1,5
ACTGATGAGTCCATAC-1,2
ACTGATGCAAGCTGTT-1,7
ACTGATGGTCTCTTAT-1,5
ACTGCTCAGGACGAAA-1,5
ACTGCTCCATCACCCT-1,7
ACTGTCCAGGCATGTG-1,8
ACTGTCCCACGCTTTC-1,11
ACTGTCCTCACTTATC-1,1
ACTTACTAGAGCTTCT-1,5
ACTTACTCAGCCTGTG-1,16
ACTTACTTCAGAGGTG-1,4
ACTTACTTCCCGGATG-1,2
ACTTACTTCGCCGTGA-1,0
ACTTGTTCACAAGTAA-1,0
ACTTGTTTCGGATGTT-1,1
ACTTGTTTCGTACGGC-1,5
ACTTTCAAGCGAAGGG-1,1
ACTTTCACACATTAGC-1,2
ACTTTCAGTAATCACC-1,6
AGAATAGAGTGCCAGA-1,2
AGAATAGCATTCACTT-1,3
AGAATAGGTCTAGTCA-1,6
AGACGTTAGACAGACC-1,7
AGACGTTAGGCCATAG-1,2
AGACGTTAGTTAGCGG-1,0
AGACGTTCAGTCGATT-1,3
AGACGTTGTTCCAACA-1,8
AGAGCTTGTAACGCGA-1,13
AGAGCTTGTGCTAGCC-1,13
AGAGTGGAGAAGATTC-1,3
AGAGTGGAGTCGTTTG-1,7
AGAGTGGGTACCGGCT-1,0
AGAGTGGTCTTAGCCC-1,13
AGATCTGCAGTCAGAG-1,8
AGATCTGGTAACGCGA-1,4
AGATTGCAGGTTCCTA-1,2
AGCAGCCAGCCGCCTA-1,1
AGCAGCCAGTACGCGA-1,3
AGCAGCCCACGGTAAG-1,5
AGCAGCCCATGCCTAA-1,15
AGCAGCCGTCTACCTC-1,17
AGCAGCCTCTATCCTA-1,3
AGCATACCACACAGAG-1,5
AGCATACGTAAGGGAA-1,1
AGCATACGTAGCGATG-1,4
AGCATACGTGACGGTA-1,14
AGCCTAAAGACGACGT-1,7
AGCCTAACAGCGTTCG-1,1
AGCCTAATCCACGCAG-1,0
AGCGGTCAGGAGCGTT-1,6
AGCGGTCCATATGAGA-1,14
AGCGTATAGGCCGAAT-1,12
AGCGTATCAGCATGAG-1,0
AGCGTATCATGTAGTC-1,4
AGCGTATGTCCAAGTT-1,0
AGCGTATTCGCATGAT-1,11
AGCGTCGAGACTAGAT-1,5
AGCGTCGAGCGATCCC-1,5
AGCGTCGCATATGAGA-1,4
AGCGTCGTCCACGAAT-1,0
AGCTCCTAGCCCGAAA-1,14
AGCTCCTTCACTCCTG-1,0
AGCTCCTTCGTCCGTT-1,3
AGCTCTCCAACGATGG-1,8
AGCTCTCCACTGTTAG-1,0
AGCTCTCCATGCCTTC-1,9
AGCTTGATCTCTGTCG-1,3
AGGCCACCATGACGGA-1,16
AGGCCACGTTACTGAC-1,11
AGGCCGTGTATATGGA-1,0
AGGCCGTGTGGTCTCG-1,3
AGGCCGTTCCTTGACC-1,8
AGGGAGTAGCTACCTA-1,5
AGGGAGTCAACACCCG-1,5
AGGGAGTCACTGTTAG-1,8
AGGGAGTGTCCAGTTA-1,1
AGGGATGAGGGCTTGA-1,11
AGGGATGGTCGTTGTA-1,6
AGGGATGTCTGGCGTG-1,4
AGGGTGAAGAGGTACC-1,9
AGGGTGAGTATATCCG-1,1
AGGTCATCAAGGTTTC-1,1
AGGTCCGAGCCACTAT-1,10
AGGTCCGAGGACAGCT-1,4
AGGTCCGCAAACTGCT-1,12
AGGTCCGCAGGACGTA-1,3
AGTAGTCAGCGATATA-1,8
AGTAGTCAGTCATGCT-1,2
AGTAGTCTCGGAGGTA-1,3
AGTCTTTAGTCATGCT-1,0
AGTGAGGCACTTAACG-1,2
AGTGAGGGTACGAAAT-1,5
AGTGAGGGTTAGTGGG-1,4
AGTGAGGTCGCAAACT-1,8
AGTGGGAAGCTCTCGG-1,17
AGTGGGACAAGAGTCG-1,3
AGTGGGACAGCGATCC-1,17
AGTGGGAGTCTCTCGT-1,11
AGTGTCAAGCAGATCG-1,2
AGTGTCACACCAGGCT-1,2
AGTGTCATCACCATAG-1,3
AGTGTCATCTTCGGTC-1,10
AGTTGGTCACCCTATC-1,6
AGTTGGTCAGCCTGTG-1,4
ATAACGCGTTAGTGGG-1,11
ATAAGAGAGAGTGACC-1,5
ATAAGAGAGCTCCTCT-1,9
ATAAGAGGTAGGCATG-1,0
ATAGACCCAGATTGCT-1,7
ATCACGAAGATCCTGT-1,2
ATCACGAGTGCGAAAC-1,1
ATCACGATCCTACAGA-1,12
ATCATCTAGCGCTCCA-1,3
ATCATCTCAGACAGGT-1,15
ATCATCTCATGTTCCC-1,16
ATCATCTGTTACGACT-1,3
ATCATCTTCGTTACGA-1,4
ATCATGGCAGGTTTCA-1,9
ATCATGGGTATATCCG-1,0
ATCATGGGTTTACTCT-1,3
ATCATGGTCCTTAATC-1,1
ATCATGGTCGAATCCA-1,3
ATCCACCCAAACTGTC-1,10
ATCCACCCACTTGGAT-1,5
ATCCACCTCCAAGTAC-1,1
ATCCGAAGTAATCACC-1,2
ATCCGAAGTTTGACAC-1,2
ATCGAGTGTTCAGTAC-1,16
ATCGAGTGTTGCTCCT-1,11
ATCGAGTTCCGCATAA-1,16
ATCTACTGTTTGTTTC-1,6
ATCTACTTCATTGCGA-1,6
ATCTGCCAGTAAGTAC-1,11
ATCTGCCGTACGCACC-1,8
ATCTGCCGTTATTCTC-1,2
ATCTGCCGTTCCTCCA-1,7
ATCTGCCTCATCGATG-1,3
ATCTGCCTCGTCGTTC-1,2
ATCTGCCTCTAGCACA-1,6
ATGAGGGCAAGCCGTC-1,2
ATGAGGGCATCACCCT-1,1
ATGAGGGGTTGCGTTA-1,2
ATGAGGGTCACCGTAA-1,7
ATGCGATGTTCTGAAC-1,3
ATGCGATTCCGTAGTA-1,11
ATGGGAGAGACAGACC-1,10
ATGGGAGAGATCGATA-1,4
ATGGGAGAGGCATGGT-1,4
ATGGGAGCACATGTGT-1,9
ATGGGAGTCTTACCTA-1,10
ATGTGTGAGATAGCAT-1,9
ATGTGTGGTGTAATGA-1,0
ATGTGTGTCGCCTGTT-1,3
ATGTGTGTCTGTCAAG-1,15
ATTACTCAGTCCAGGA-1,2
ATTACTCGTGCAGTAG-1,2
ATTACTCTCGCAGGCT-1,4
ATTATCCCAAATTGCC-1,2
ATTATCCCACACCGAC-1,13
ATTCTACTCAGGTTCA-1,4
ATTCTACTCCTCAATT-1,7
ATTCTACTCTTCAACT-1,9
ATTGGACAGTTAACGA-1,18
ATTGGACGTCGAAAGC-1,5
ATTGGTGCAGACTCGC-1,11
ATTGGTGGTATCAGTC-1,5
ATTGGTGGTGAAATCA-1,9
ATTGGTGTCACCAGGC-1,6
ATTGGTGTCCAACCAA-1,16
ATTGGTGTCGTAGATC-1,8
ATTTCTGGTAGATTAG-1,6
ATTTCTGGTAGGGTAC-1,12
CAACCAAAGCACAGGT-1,13
CAACCAACAAAGTGCG-1,13
CAACCAACACTTACGA-1,8
CAACCAAGTTAGGGTG-1,1
CAACCAATCGCATGAT-1,7
CAACTAGCACACCGAC-1,1
CAACTAGCATGGTTGT-1,0
CAACTAGTCGGAATCT-1,4
CAAGAAAAGACTTTCG-1,5
CAAGAAAAGCAGCGTA-1,10
CAAGAAACATGCAACT-1,15
CAAGAAATCGGCTACG-1,0
CAAGATCAGCGCTTAT-1,3
CAAGATCAGTATCTCG-1,0
CAAGATCGTCCCTACT-1,4
CAAGATCTCGCGTAGC-1,7
CAAGGCCCATTAGGCT-1,3
CAAGGCCTCAACGGGA-1,2
CAAGTTGAGACCACGA-1,3
CAAGTTGAGCTAACTC-1,2
CAAGTTGGTATATCCG-1,3
CAAGTTGGTCTGCCAG-1,1
CACAAACAGTGTACGG-1,0
CACACAACACACCGAC-1,5
CACACAATCCCAAGAT-1,0
CACACCTAGGCATGGT-1,3
CACACCTAGGTGCTTT-1,9
CACACCTCAGATAATG-1,2
CACACCTGTTAAAGAC-1,2
CACACTCAGGACGAAA-1,3
CACACTCCAGCTCCGA-1,0
CACACTCGTCTGGAGA-1,11
CACAGGCAGTACGTTC-1,10
CACAGTAGTTGGACCC-1,0
CACATAGTCGCACTCT-1,1
CACATTTAGATAGTCA-1,0
CACATTTGTCGCGTGT-1,17
CACATTTTCCTGCCAT-1,6
CACCACTAGAGGTACC-1,1
CACCACTAGGAGCGTT-1,2
CACCACTAGTTAACGA-1,8
CACCACTAGTTGAGTA-1,6
CACCACTGTAAGTGGC-1,0
CACCAGGCACATAACC-1,8
CACCAGGGTAGAGCTG-1,0
CACCAGGGTTATCACG-1,2
CACCTTGAGTCTCCTC-1,2
CACCTTGCAACACGCC-1,1
CACCTTGCAATGTAAG-1,9
CACTCCAAGGTTCCTA-1,1
CACTCCAGTTCGGCAC-1,2
CACTCCATCAGTACGT-1,2
CAGAATCCAAGCGTAG-1,5
CAGAGAGAGAAGGCCT-1,13
CAGAGAGAGTGCTGCC-1,7
CAGAGAGGTCGGCACT-1,8
CAGAGAGTCCATGAGT-1,6
CAGATCATCTTTAGTC-1,6
CAGCAGCGTCGATTGT-1,3
CAGCATACAAGCCGCT-1,14
CAGCATACACAGATTC-1,1
CAGCCGAGTAGAGCTG-1,1
CAGCCGATCCATTCTA-1,1
CAGCCGATCCTTTCTC-1,8
CAGCGACTCGAATCCA-1,10
CAGCTAAAGGCCCGTT-1,7
CAGCTAATCCCATTTA-1,7
CAGCTAATCTCAAGTG-1,2
CAGCTGGCACAAGTAA-1,0
CAGCTGGTCTTGCATT-1,2
CAGGTGCAGACAAGCC-1,18
CAGGTGCAGACGCTTT-1,12
CAGGTGCAGGAGTAGA-1,15
CAGGTGCGTACTCGCG-1,8
CAGGTGCGTCAGGACA-1,2
CAGGTGCGTTCAGACT-1,3
CAGTAACCAGATGGGT-1,2
CAGTAACTCAGGTTCA-1,9
CAGTAACTCTTGTCAT-1,0
CAGTCCTAGTCCGTAT-1,11
CAGTCCTGTCGCATCG-1,9
CAGTCCTGTTGAGTTC-1,4
CATATGGGTCTTGATG-1,15
CATATTCGTTGATTCG-1,7
CATCAAGCATGCTGGC-1,0
CATCAGAGTCTAACGT-1,4
CATCCACCAATTGCTG-1,14
CATCCACTCCCACTTG-1,2
CATCGAAAGACGCAAC-1,5
CATCGAAAGATGTAAC-1,4
CATCGAAAGCCATCGC-1,0
CATCGAACAAGTAATG-1,7
CATCGAACATTAACCG-1,2
CATCGAAGTTCGGGCT-1,6
CATCGGGCATGGTTGT-1,7
CATGACAAGCAGCCTC-1,2
CATGCCTAGAAACCGC-1,1
CATGCCTAGCAGCGTA-1,8
CATGCCTCACCAGGTC-1,5
CATGCCTCAGAAGCAC-1,4
CATGGCGGTTCATGGT-1,3
CATTATCGTTAAGATG-1,1
CATTATCGTTATGTGC-1,15
CATTCGCAGGTGACCA-1,1
CATTCGCCAGACACTT-1,14
CATTCGCCAGCGAACA-1,2
CATTCGCGTACATGTC-1,6
CATTCGCTCTGCTGTC-1,1
CCAATCCCACTTCTGC-1,6
CCAATCCTCAACGAAA-1,12
CCACCTAGTAGAGCTG-1,7
CCACCTAGTTGGAGGT-1,4
CCACGGAAGAGTCGGT-1,1
CCACGGAAGCGCTCCA-1,9
CCACGGAAGTGTACCT-1,7
CCACGGACAATCGAAA-1,3
CCACTACAGACTCGGA-1,5
CCACTACGTACACCGC-1,2
CCACTACGTCGGCATC-1,4
CCACTACGTGATGTCT-1,15
CCACTACTCATAGCAC-1,4
CCAGCGAGTCTCGTTC-1,6
CCAGCGATCCGGCACA-1,1
CCATGTCAGATCCGAG-1,9
CCATGTCAGTGCCAGA-1,8
CCATGTCAGTGGGATC-1,1
CCATGTCTCACGACTA-1,5
CCATGTCTCCTCGCAT-1,4
CCATGTCTCGGTGTTA-1,2
CCATTCGAGCACGCCT-1,10
CCATTCGCATAACCTG-1,6
CCATTCGTCACTCTTA-1,4
CCCAATCAGCGCTCCA-1,1
CCCAATCCACTGTGTA-1,1
CCCAATCCATTACGAC-1,10
CCCAATCGTCCAGTTA-1,12
CCCAATCGTTATGTGC-1,1
CCCAATCTCCCTTGTG-1,4
CCCAGTTTCTGCTTGC-1,1
CCCATACGTACAGACG-1,1
CCCATACGTATAGTAG-1,4
CCCTCCTAGGACCACA-1,1
CCCTCCTAGTCAATAG-1,5
CCCTCCTCAATCCGAT-1,9
CCCTCCTCAATGTTGC-1,16
CCCTCCTCAGTCTTCC-1,3
CCCTCCTTCAACACCA-1,1
CCCTCCTTCGGCTACG-1,7
CCGGGATAGAGACTAT-1,8
CCGGGATGTTGCTCCT-1,17
CCGGTAGCACAGTCGC-1,4
CCGGTAGCACCGAAAG-1,2
CCGGTAGCACGGTAAG-1,4
CCGGTAGCAGTAACGG-1,1
CCGTACTGTATAGGTA-1,2
CCGTGGAAGAAACCTA-1,16
CCGTGGACACATCCGG-1,4
CCGTGGACAGTCAGCC-1,7
CCGTGGATCATGTGGT-1,1
CCGTTCACAACACGCC-1,0
CCGTTCACAGAGCCAA-1,0
CCGTTCACAGCCACCA-1,0
CCGTTCATCACATACG-1,5
CCGTTCATCAGCAACT-1,1
CCTAAAGCAAGTACCT-1,8
CCTAAAGCAATCGGTT-1,7
CCTAAAGTCACATGCA-1,4
CCTACACCAGAGTGTG-1,1
CCTACACGTAAGTGGC-1,5
CCTACACTCAGTCAGT-1,8
CCTACCAAGGAGTTTA-1,4
CCTACCATCTTGACGA-1,0
CCTAGCTCAAAGAATC-1,12
CCTAGCTTCCTAGTGA-1,1
CCTAGCTTCGAACTGT-1,3
CCTATTACATCTCCCA-1,4
CCTATTAGTCAGAATA-1,1
CCTATTATCCAACCAA-1,5
CCTCAGTGTCTCCACT-1,2
CCTCAGTGTGGCTCCA-1,10
CCTCTGAAGGAATTAC-1,4
CCTCTGACAGTACACT-1,8
CCTCTGATCTAACTTC-1,3
CCTTACGAGCGTAGTG-1,5
CCTTACGAGGCATGGT-1,0
CCTTACGCAATTGCTG-1,0
CCTTACGCATAGACTC-1,12
CCTTCCCGTGTGAATA-1,0
CCTTTCTCAGCTGGCT-1,9
CCTTTCTGTAGCTTGT-1,3
CCTTTCTGTGTAATGA-1,12
CGAACATCACAGCGTC-1,2
CGAACATCAGACAGGT-1,8
CGAACATGTTGAGTTC-1,13
CGAATGTAGACAATAC-1,0
CGAATGTCAGTTTACG-1,14
CGAATGTTCAAGGCTT-1,0
CGAATGTTCAGTGCAT-1,8
CGACCTTAGTTTAGGA-1,1
CGACTTCAGCCCAGCT-1,0
CGACTTCGTTAAGAAC-1,5
CGACTTCTCGAATCCA-1,8
CGAGAAGAGCAGATCG-1,8
CGAGAAGGTGGTACAG-1,5
CGAGCACCACGGTAGA-1,7
CGAGCACGTCAGGACA-1,6
CGAGCCAAGTCGTTTG-1,13
CGAGCCACAGATAATG-1,4
CGAGCCATCACCGGGT-1,0
CGAGCCATCCTAGAAC-1,2
CGAGCCATCGAATGGG-1,8
CGATCGGAGCACCGCT-1,14
CGATCGGGTCTCGTTC-1,11
CGATCGGTCGCAAACT-1,5
CGATGGCGTAGTGAAT-1,8
CGATGGCTCGGCATCG-1,7
CGATGGCTCTGGTTCC-1,11
CGATGTAAGAGCAATT-1,1
CGATGTAAGTACGTAA-1,4
CGATGTAGTCGGCTCA-1,0
CGATTGAGTGGCTCCA-1,7
CGCCAAGCAAACAACA-1,0
CGCCAAGCAAGGGTCA-1,0
CGCCAAGCATCTCCCA-1,3
CGCCAAGTCGCGTTTC-1,7
CGCGGTAAGAAGGTGA-1,2
CGCGGTAAGGATGGTC-1,11
CGCGGTAAGTGGTCCC-1,3
CGCGGTAAGTTCGATC-1,4
CGCGGTACACCCTATC-1,0
CGCGGTAGTATGCTTG-1,4
CGCGGTATCTGGCGAC-1,1
CGCGTTTCACCAACCG-1,2
CGCTATCAGTGCGTGA-1,11
CGCTATCCAGCTGCTG-1,9
CGCTGGATCATGCATG-1,7
CGCTTCAAGACCTAGG-1,3
CGCTTCAAGCTAGTGG-1,1
CGCTTCACAAACTGTC-1,15
CGCTTCATCATTGCGA-1,0
CGGACACAGGCAGGTT-1,6
CGGACACGTCGGCACT-1,8
CGGACACGTCTCCACT-1,2
CGGACACTCATACGGT-1,4
CGGACACTCGGAGCAA-1,7
CGGACGTCAGTAACGG-1,16
CGGACGTGTGTGGTTT-1,7
CGGACTGCACGAAAGC-1,1
CGGACTGGTAAACGCG-1,2
CGGACTGGTCCGAACC-1,10
CGGACTGTCCCATTTA-1,5
CGGAGCTCACCCAGTG-1,8
CGGAGCTTCATGTCCC-1,0
CGGAGTCAGCGCTTAT-1,5
CGGCTAGAGTAGATGT-1,1
CGGCTAGAGTCGCCGT-1,12
CGGCTAGGTCTTCAAG-1,0
CGGCTAGGTGGACGAT-1,0
CGGCTAGTCAGGATCT-1,5
CGGCTAGTCGTTGCCT-1,3
CGGTTAACACCAGGCT-1,11
CGGTTAACATAGGATA-1,3
CGGTTAACATCCGTGG-1,3
CGGTTAAGTTAAAGTG-1,1
CGTAGCGCATAGAAAC-1,3
CGTAGCGGTCATCGGC-1,5
CGTAGCGGTTCCCGAG-1,17
CGTAGCGTCACAAACC-1,4
CGTAGCGTCTCTGCTG-1,5
CGTAGGCAGATCCCGC-1,15
CGTAGGCGTAAGGATT-1,16
CGTAGGCGTGAACCTT-1,1
CGTCACTAGTAAGTAC-1,14
CGTCACTGTAAAGTCA-1,5
CGTCAGGTCGCGTTTC-1,3
CGTCCATCAGCTGGCT-1,2
CGTCCATGTGCATCTA-1,11
CGTCTACAGCGTTCCG-1,11
CGTCTACCAGAAGCAC-1,6
CGTCTACGTAATCGTC-1,2
CGTCTACTCTGTGCAA-1,4
CGTGAGCCAGACAGGT-1,6
CGTGAGCGTACATGTC-1,3
CGTGAGCGTGCAACTT-1,12
CGTGAGCTCCAGTAGT-1,0
CGTGTAAGTCACCCAG-1,1
CGTGTAAGTCCTGCTT-1,4
CGTGTCTGTCGCTTCT-1,8
CGTTAGAAGACCACGA-1,8
CGTTAGACAAGTCTGT-1,1
CGTTAGACAATCTACG-1,4
CGTTCTGCAAGTAGTA-1,14
CGTTCTGGTCCAGTAT-1,12
CGTTGGGAGGGTCGAT-1,5
CTAAGACTCAACGCTA-1,1
CTAATGGAGAGACTAT-1,2
CTAATGGGTAGCGTCC-1,2
CTAATGGGTTGGAGGT-1,3
CTACACCAGTAGTGCG-1,1
CTACACCCACTCAGGC-1,6
CTACACCGTACACCGC-1,1
CTACACCGTCGCTTTC-1,4
CTACATTAGCTTCGCG-1,8
CTACATTAGTTAGCGG-1,1
CTACCCACATTGGTAC-1,3
CTACCCATCTCAAACG-1,0
CTACGTCCAATCAGAA-1,2
CTACGTCGTAGGCTGA-1,8
CTACGTCGTCTTTCAT-1,12
CTAGAGTAGATCCCGC-1,2
CTAGAGTAGCACACAG-1,16
CTAGAGTTCACAACGT-1,2
CTAGAGTTCATGTCTT-1,0
CTAGAGTTCCTGCCAT-1,12
CTAGAGTTCTGGCGTG-1,11
CTAGCCTAGCATGGCA-1,13
CTAGCCTCACTAGTAC-1,6
CTAGCCTGTACGACCC-1,7
CTAGTGACAAGCTGGA-1,1
CTCACACGTACATGTC-1,12
CTCACACTCACAGTAC-1,1
CTCACACTCGACGGAA-1,3
CTCAGAACAGATGGGT-1,8
CTCAGAAGTAGCTAAA-1,5
CTCATTAAGAATAGGG-1,0
CTCCTAGAGAGCCTAG-1,10
CTCCTAGAGCACACAG-1,13
CTCCTAGGTCCGAACC-1,14
CTCGAAAAGACCGGAT-1,15
CTCGAAAAGTGATCGG-1,2
CTCGAAACACTTACGA-1,2
CTCGAAACAGGGAGAG-1,2
CTCGAAACAGTTCATG-1,8
CTCGAAATCCGTTGTC-1,0
CTCGAGGCAGCATGAG-1,1
CTCGGAGAGTGAAGAG-1,10
CTCGGAGCACCAGCAC-1,0
CTCGGAGCACGTAAGG-1,1
CTCGGAGTCAACCATG-1,13
CTCGGGAGTCGTTGTA-1,11
CTCGTACGTACGAAAT-1,4
CTCGTACTCCGTCATC-1,15
CTCGTCACAATGGTCT-1,2
CTCGTCACATCTCGCT-1,4
CTCGTCAGTAATAGCA-1,6
CTCGTCAGTGAGTGAC-1,13
CTCGTCAGTGATGATA-1,12
CTCGTCATCTTGCATT-1,1
CTCTAATAGGTCATCT-1,12
CTCTAATGTATAGGGC-1,1
CTCTAATTCCCATTAT-1,4
CTCTAATTCTTTAGGG-1,12
CTCTACGGTCTCCATC-1,1
CTCTGGTGTCGCTTTC-1,1
CTGAAACCAACACCCG-1,2
CTGAAACGTAGCAAAT-1,4
CTGAAACGTCACCCAG-1,16
CTGAAACTCCATGAGT-1,7
CTGAAGTAGGAATTAC-1,3
CTGAAGTCACTTCGAA-1,4
CTGAAGTCATTACGAC-1,6
CTGAAGTGTTACAGAA-1,5
CTGAAGTTCTTCATGT-1,6
CTGATAGAGACTGTAA-1,4
CTGATAGAGAGACTTA-1,5
CTGATAGCAAACTGTC-1,1
CTGATAGTCGCATGAT-1,1
CTGATCCCATCGATTG-1,1
CTGATCCGTAATCGTC-1,1
CTGATCCGTAGTAGTA-1,16
CTGCCTAAGCCTATGT-1,0
CTGCCTAAGGTGATAT-1,5
CTGCCTAGTCACCTAA-1,15
CTGCCTAGTTAAGAAC-1,0
CTGCGGAAGGACCACA-1,12
CTGCGGACAACACCTA-1,1
CTGCGGAGTGGTTTCA-1,4
CTGCGGATCACTCCTG-1,14
CTGCGGATCAGTGTTG-1,0
CTGCTGTCAAGCTGAG-1,5
CTGCTGTGTGTTTGTG-1,0
CTGGTCTAGATAGTCA-1,3
CTGGTCTAGCACACAG-1,4
CTGGTCTCATGCCTTC-1,6
CTGGTCTGTTACTGAC-1,1
CTGTGCTCAGTTCATG-1,8
CTGTGCTCATTGGTAC-1,2
CTGTGCTGTAGCGATG-1,7
CTGTTTAAGGTGATAT-1,1
CTGTTTACAAGTCATC-1,2
CTTAACTCATATACGC-1,6
CTTAACTTCAAACAAG-1,7
CTTAACTTCACCACCT-1,5
CTTAACTTCATTGCCC-1,5
CTTAACTTCTCAAGTG-1,7
CTTACCGCATCGGGTC-1,10
CTTACCGGTGGAAAGA-1,0
CTTACCGTCGCAAACT-1,13
CTTACCGTCTGAGTGT-1,13
CTTAGGAAGGTGCTAG-1,2
CTTCTCTGTTAGTGGG-1,0
CTTGGCTTCCAACCAA-1,0
CTTTGCGCATACTCTT-1,1
CTTTGCGGTGCAGGTA-1,1
CTTTGCGGTGGTCCGT-1,2
GAAACTCAGTGTCCAT-1,0
GAAATGAAGAAGAAGC-1,15
GAAATGAAGGGCTTCC-1,6
GAAATGAGTGCTGTAT-1,0
GAAATGATCCGCGCAA-1,7
GAAATGATCGCATGGC-1,2
GAAATGATCTCCGGTT-1,4
GAACATCCAAGTTAAG-1,15
GAACATCCATGTTGAC-1,1
GAACATCTCCCTAATT-1,5
GAACCTAAGTTCGATC-1,0
GAACCTACACCAGATT-1,2
GAACCTACATGAACCT-1,2
GAACCTACATTAGGCT-1,4
GAACCTAGTCCTCTTG-1,12
GAACCTATCTGTGCAA-1,0
GAACGGAAGACTGGGT-1,3
GAACGGAAGCGAAGGG-1,16
GAACGGACAGGGTTAG-1,8
GAAGCAGCAATCACAC-1,0
GAAGCAGCAGACTCGC-1,1
GAAGCAGGTATATCCG-1,8
GAAGCAGGTTCCCTTG-1,17
GAATAAGAGATCCCAT-1,0
GAATGAAAGCTAGTTC-1,8
GAATGAATCCCAAGTA-1,3
GACACGCCACAACTGT-1,0
GACACGCTCTCTAGGA-1,2
GACAGAGAGCGATGAC-1,6
GACAGAGAGTCACGCC-1,0
GACAGAGCATAAGACA-1,3
GACCAATAGAAACCAT-1,3
GACCAATTCCGAAGAG-1,4
GACCAATTCTGTGCAA-1,6
GACCTGGAGTACCGGA-1,9
GACCTGGCACCAACCG-1,11
GACCTGGTCGATCCCT-1,2
GACGCGTAGGCTCAGA-1,4
GACGCGTGTACTCTCC-1,0
GACGCGTGTCGTTGTA-1,3
GACGGCTGTAGAAAGG-1,11
GACGGCTTCAGCGATT-1,0
GACGTTAGTACCGCTG-1,0
GACGTTATCCAGGGCT-1,12
GACTAACCAAGGTTTC-1,8
GACTAACTCCGTCATC-1,0
GACTACAAGGTGCACA-1,1
GACTACAAGTCATCCA-1,4
GACTACATCATCGCTC-1,7
GACTGCGAGAAACGAG-1,7
GACTGCGAGTACTTGC-1,5
GACTGCGCAACTGGCC-1,4
GACTGCGGTAAAGTCA-1,1
GAGCAGAAGAGACGAA-1,9
GAGCAGAGTTAAGACA-1,3
GAGCAGATCCAGAGGA-1,2
GAGCAGATCTTATCTG-1,9
GAGGTGAAGATATACG-1,9
GAGGTGAAGGACAGAA-1,12
GAGGTGACATTCACTT-1,1
GAGGTGAGTAATTGGA-1,1
GAGTCCGAGAATAGGG-1,3
GAGTCCGCAGCAGTTT-1,4
GAGTCCGCAGTCACTA-1,8
GAGTCCGTCCTATTCA-1,4
GATCAGTGTCAGTGGA-1,7
GATCAGTTCTTAACCT-1,5
GATCGATAGAATCTCC-1,2
GATCGATAGTTATCGC-1,11
GATCGATCACGTTGGC-1,3
GATCGATGTCACACGC-1,10
GATCGATGTGAGTATA-1,0
GATCGATGTTCCGTCT-1,4
GATCGATGTTTAGCTG-1,7
GATCGATGTTTGTTTC-1,7
GATCGATTCACATAGC-1,7
GATCGATTCCTCAATT-1,4
GATCGCGAGACACGAC-1,15
GATCGCGAGACCTAGG-1,4
GATCGCGAGCTCAACT-1,2
GATCGTACAGCATGAG-1,14
GATCGTATCCGCGCAA-1,0
GATCGTATCCTACAGA-1,8
GATCGTATCTCGCTTG-1,7
GATCTAGAGACACTAA-1,0
GATCTAGAGGTAGCTG-1,2
GATCTAGCACATCTTT-1,1
GATCTAGCAGGCTGAA-1,5
GATCTAGGTAAGGGAA-1,5
GATCTAGTCTGGGCCA-1,3
GATGAAAAGTGTTAGA-1,11
GATGAAAGTCAAAGAT-1,2
GATGAGGAGTGTACTC-1,0
GATGAGGGTAAGAGGA-1,5
GATGAGGTCCTCTAGC-1,4
GATGCTAAGGCCCTTG-1,1
GATTCAGAGAAGATTC-1,2
GATTCAGAGCTAACAA-1,2
GATTCAGAGGCACATG-1,11
GCAAACTGTCCGAACC-1,8
GCAAACTTCTCGTTTA-1,12
GCAATCACAGTCACTA-1,3
GCAATCAGTACTCTCC-1,2
GCAATCAGTGGTCCGT-1,8
GCACATATCCCTAACC-1,10
GCACATATCTCTAAGG-1,10
GCACTCTAGGATTCGG-1,13
GCACTCTCAGCGATCC-1,6
GCACTCTGTCTTCAAG-1,4
GCACTCTTCATGTGGT-1,10
GCACTCTTCTTGTATC-1,13
GCAGCCACACAGACTT-1,6
GCAGCCACATGTCGAT-1,6
GCAGCCATCCTGCTTG-1,13
GCAGTTAAGCTGCCCA-1,3
GCAGTTACATGCGCAC-1,5
GCATACACAATGGAGC-1,3
GCATACACACAAGACG-1,9
GCATACAGTCTAAACC-1,0
GCATACATCCCTCTTT-1,2
GCATACATCCGAACGC-1,12
GCATGATGTCCTAGCG-1,6
GCATGCGAGGATCGCA-1,1
GCATGCGCATTACGAC-1,3
GCATGCGGTCGTCTTC-1,1
GCCAAATAGCCTTGAT-1,0
GCCAAATAGTGTTGAA-1,2
GCCAAATCACAGATTC-1,0
GCCAAATGTCATATGC-1,3
GCCTCTACAAGGGTCA-1,0
GCGACCAAGAGGTACC-1,6
GCGACCATCTCGTTTA-1,4
GCGAGAAAGCAACGGT-1,10
GCGAGAAGTGTCTGAT-1,4
GCGCAACAGAGACTTA-1,8
GCGCAACGTTATCACG-1,9
GCGCAGTAGATCCCAT-1,5
GCGCAGTAGCGTCAAG-1,1
GCGCAGTTCCTATGTT-1,4
GCGCCAAAGTAAGTAC-1,15
GCGCCAAGTCTACCTC-1,6
GCGCCAAGTGCGGTAA-1,4
GCGCCAATCACATACG-1,0
GCGCCAATCGTGTAGT-1,10
GCGCGATAGTACGACG-1,5
GCGCGATGTAGCTAAA-1,4
GCGCGATGTCGCGAAA-1,9
GCGCGATTCCGTCAAA-1,7
GCGCGATTCCTAAGTG-1,7
GCGGGTTTCATGTCCC-1,4
GCGGGTTTCCGATATG-1,6
GCTCCTACAAGTACCT-1,14
GCTCCTACAATCAGAA-1,8
GCTCCTACATAAGACA-1,2
GCTCTGTCACCTTGTC-1,0
GCTCTGTGTTATCGGT-1,2
GCTGCAGAGCAGCCTC-1,7
GCTGCAGAGGTGACCA-1,9
GCTGCAGAGTGACTCT-1,0
GCTGCAGGTGATGATA-1,3
GCTGCAGTCAACACAC-1,8
GCTGCGACACACTGCG-1,0
GCTGCGACACCGCTAG-1,2
GCTGCTTGTACCATCA-1,6
GCTGGGTAGAAGGTGA-1,13
GCTGGGTAGCCACGTC-1,9
GCTGGGTGTCCCTACT-1,14
GCTGGGTGTGATGATA-1,5
GCTGGGTGTTAAAGTG-1,0
GCTTCCAAGTGAACAT-1,2
GCTTCCAAGTGCGATG-1,5
GCTTCCACAATCCGAT-1,5
GCTTCCAGTACAAGTA-1,4
GCTTCCAGTAGCTTGT-1,1
GCTTCCAGTCGGGTCT-1,2
GCTTCCAGTGGCAAAC-1,2
GCTTGAAGTAACGCGA-1,2
GGAAAGCAGATCCCGC-1,1
GGAAAGCCAAGGTGTG-1,4
GGAAAGCGTTCCACTC-1,6
GGAAAGCTCCGGCACA-1,8
GGAACTTCAGGCGATA-1,12
GGAACTTGTAATAGCA-1,4
GGAACTTTCAACACCA-1,0
GGAACTTTCTGTGCAA-1,2
GGAATAAGTGTTTGTG-1,4
GGACAAGAGGGCACTA-1,14
GGACAAGCAGATTGCT-1,1
GGACAAGGTTCCCTTG-1,1
GGACAGAAGGGCATGT-1,0
GGACAGATCAGTGTTG-1,12
GGACATTGTGACGGTA-1,12
GGACGTCAGAACAACT-1,1
GGACGTCAGGCTAGGT-1,1
GGACGTCAGGTAAACT-1,4
GGACGTCGTACTTCTT-1,0
GGAGCAAAGAATAGGG-1,12
GGAGCAATCCAGAAGG-1,10
GGATGTTAGGGATACC-1,5
GGATTACCAATCGAAA-1,0
GGATTACGTCATCCCT-1,10
GGCAATTTCAAAGACA-1,7
GGCCGATCACGTTGGC-1,9
GGCCGATCAGTAGAGC-1,17
GGCCGATTCCCTCTTT-1,4
GGCCGATTCCTCATTA-1,7
GGCGACTCACCTGGTG-1,0
GGCGACTCATATGGTC-1,6
GGCGACTGTTGAACTC-1,4
GGCGACTTCCTTTCTC-1,9
GGCGTGTAGAGGTTAT-1,12
GGCGTGTCAAGTAGTA-1,0
GGCGTGTCAATGCCAT-1,15
GGCGTGTCACCGAAAG-1,6
GGCTCGAAGAGTACCG-1,3
GGCTCGACAGCCTATA-1,18
GGCTGGTGTACAGTTC-1,5
GGCTGGTTCACCCTCA-1,10
GGCTGGTTCTATCGCC-1,6
GGCTGGTTCTGAGTGT-1,4
GGGAATGAGTGGAGAA-1,0
GGGAATGCAGCTATTG-1,0
GGGAATGTCGTCTGCT-1,11
GGGACCTCATAAAGGT-1,5
GGGAGATAGATCTGCT-1,0
GGGAGATGTTATCCGA-1,7
GGGATGAAGGAATTAC-1,4
GGGATGAAGTCATGCT-1,11
GGGCACTAGCCACTAT-1,1
GGGCACTCAAGTACCT-1,11
GGGCACTTCGTAGGAG-1,6
GGGCACTTCTGTTGAG-1,3
GGGCATCAGTACGCCC-1,4
GGGCATCTCGGCCGAT-1,11
GGGTCTGAGACACGAC-1,12
GGGTCTGAGGCATGTG-1,5
GGGTCTGCATGCAATC-1,7
GGGTCTGCATGTAGTC-1,5
GGGTTGCAGAGAGCTC-1,4
GGGTTGCAGAGATGAG-1,6
GGGTTGCGTTTGACTG-1,1
GGGTTGCTCCTCGCAT-1,3
GGTATTGGTACGACCC-1,2
GGTATTGGTGTTTGTG-1,0
GGTATTGGTTAAAGAC-1,13
GGTATTGGTTGCCTCT-1,3
GGTGAAGGTCCGTGAC-1,11
GGTGAAGTCCGCATCT-1,2
GGTGAAGTCGAACGGA-1,0
GGTGCGTAGGCTACGA-1,10
GGTGCGTGTCTGCCAG-1,5
GGTGCGTGTTGGTTTG-1,2
GGTGTTACAACGATCT-1,10
GGTGTTACATAGACTC-1,15
GGTGTTATCCTAGTGA-1,8
GGTGTTATCTCGAGTA-1,0
GTAACGTAGTATCTCG-1,6
GTAACGTCAAAGGAAG-1,2
GTAACGTCATGGATGG-1,1
GTAACGTGTTGCCTCT-1,5
GTAACTGTCAGAGGTG-1,3
GTACGTAAGACGCACA-1,1
GTACTCCAGTGATCGG-1,3
GTACTCCGTATAATGG-1,8
GTACTTTCAGGGTACA-1,5
GTACTTTGTCTAGGTT-1,1
GTACTTTGTTAGTGGG-1,3
GTAGGCCAGTTGAGAT-1,6
GTAGGCCGTCCATGAT-1,18
GTAGGCCGTTTGGGCC-1,1
GTAGGCCTCGTGGACC-1,1
GTAGTCAAGTGTACCT-1,3
GTAGTCATCAAGGTAA-1,15
GTAGTCATCTTAACCT-1,3
GTATCTTCACCAACCG-1,5
GTATCTTGTCTGATCA-1,3
GTATCTTTCGGAGCAA-1,0
GTATTCTCAAAGGCGT-1,3
GTATTCTTCCTTGGTC-1,3
GTCAAGTCATCAGTCA-1,7
GTCAAGTGTAAGGGAA-1,6
GTCAAGTGTAGCTCCG-1,5
GTCAAGTGTGAAATCA-1,8
GTCACAAAGAGATGAG-1,3
GTCACAACATCTGGTA-1,3
GTCACGGAGGCACATG-1,0
GTCACGGTCAATCTCT-1,5
GTCACGGTCATCGATG-1,7
GTCATTTCATCGGACC-1,4
GTCATTTTCAAGGCTT-1,3
GTCATTTTCAATACCG-1,0
GTCATTTTCATGTCCC-1,8
GTCCTCAAGTCAAGCG-1,17
GTCCTCAGTACACCGC-1,6
GTCCTCAGTGTATGGG-1,6
GTCCTCATCAGGCCCA-1,2
GTCCTCATCCATGAAC-1,8
GTCCTCATCTTCAACT-1,1
GTCGGGTAGCGATTCT-1,13
GTCGGGTCACCGAATT-1,6
GTCGGGTCAGACGCTC-1,11
GTCGGGTGTCTAAAGA-1,0
GTCGGGTGTGCAGGTA-1,4
GTCGTAAAGGTGCTTT-1,7
GTCGTAAGTTGATTGC-1,7
GTCGTAATCCGCTGTT-1,0
GTCTCGTCATATACGC-1,7
GTCTCGTGTCTAAACC-1,0
GTCTTCGAGGCTCTTA-1,14
GTCTTCGCACATTAGC-1,2
GTCTTCGTCATTATCC-1,7
GTGAAGGCAGGTCGTC-1,1
GTGAAGGCATAGAAAC-1,2
GTGAAGGCATGGTAGG-1,12
GTGCAGCAGTGGAGTC-1,12
GTGCAGCCACATTTCT-1,2
GTGCAGCGTAGGAGTC-1,8
GTGCAGCTCAGTGTTG-1,1
GTGCATAAGCGCTTAT-1,13
GTGCATACACGTGAGA-1,1
GTGCATACAGAGCCAA-1,0
GTGCATATCTGGTGTA-1,0
GTGCATATCTGTCTCG-1,2
GTGCGGTCAATGGAGC-1,4
GTGCTTCAGATCCCGC-1,13
GTGCTTCAGCCACTAT-1,6
GTGCTTCAGTTATCGC-1,7
GTGGGTCCAGCTGTTA-1,8
GTGGGTCGTCTAAAGA-1,4
GTGGGTCGTTACGCGC-1,1
GTGGGTCGTTCCACAA-1,13
GTGTGCGAGATGTCGG-1,0
GTGTGCGAGCCAGTAG-1,9
GTTACAGCAGTGGGAT-1,4
GTTACAGTCGGAAATA-1,0
GTTCATTAGAGGTTGC-1,2
GTTCATTCAGTCCTTC-1,5
GTTCATTGTCCCGACA-1,1
GTTCATTTCCGCATCT-1,3
GTTCGGGGTGTTTGGT-1,0
GTTCGGGTCCAAACTG-1,2
GTTCTCGGTGAGCGAT-1,6
GTTCTCGTCCTTGCCA-1,1
GTTCTCGTCTCGATGA-1,7
GTTTCTACAATTGCTG-1,8
GTTTCTAGTTCAACCA-1,0
TAAACCGGTATCTGCA-1,3
TAAGAGAAGCGGATCA-1,4
TAAGAGACAAGTCTAC-1,11
TAAGAGAGTCAACATC-1,0
TAAGAGAGTCAGATAA-1,2
TAAGCGTAGGCAGTCA-1,3
TAAGCGTAGTTAGGTA-1,0
TAAGCGTCACTCGACG-1,1
TAAGCGTTCGGATGGA-1,3
TAAGTGCCACGAAGCA-1,1
TAAGTGCGTCAGAGGT-1,3
TACACGATCAAACAAG-1,1
TACACGATCCAAGTAC-1,1
TACACGATCGCTTGTC-1,0
TACAGTGAGCAATATG-1,10
TACAGTGAGTTGTCGT-1,9
TACCTATAGGGAGTAA-1,1
TACCTATAGTTTAGGA-1,16
TACCTATCAGATTGCT-1,0
TACCTATGTAACGACG-1,6
TACCTATGTGCAACTT-1,0
TACCTTAAGGTAGCTG-1,4
TACCTTACAAGTTCTG-1,5
TACCTTACATCGGGTC-1,8
TACCTTACATTAACCG-1,9
TACCTTATCACGATGT-1,1
TACGGATCATCCAACA-1,6
TACGGGCAGAGTACCG-1,3
TACGGGCAGATATGCA-1,2
TACGGGCTCTCCAACC-1,0
TACGGTAGTAGCGATG-1,1
TACGGTAGTAGCTAAA-1,1
TACGGTAGTCTTCTCG-1,5
TACGGTAGTTCCCTTG-1,5
TACGGTATCTGTCTAT-1,4
TACTCATCATCTCGCT-1,4
TACTCATGTCTCAACA-1,5
TACTCATTCATTGCCC-1,0
TACTCATTCCTTGGTC-1,6
TACTCATTCGATCCCT-1,5
TACTCGCCACGGACAA-1,6
TACTCGCCATGCTAGT-1,6
TACTCGCTCAAACAAG-1,10
TACTTACAGTAACCCT-1,10
TACTTACCATGTCCTC-1,16
TACTTACTCAACGCTA-1,4
TACTTACTCTAACTTC-1,0
TACTTACTCTCGCATC-1,14
TACTTACTCTGCCCTA-1,3
TACTTGTCAAGTACCT-1,9
TACTTGTCATGTTGAC-1,3
TAGACCAAGCTCCTTC-1,9
TAGACCAAGGGCATGT-1,5
TAGACCACAATGGACG-1,4
TAGACCACAGCTTCGG-1,3
TAGACCAGTTGAGTTC-1,4
TAGACCATCATGTCTT-1,9
TAGACCATCTGGTGTA-1,9
TAGCCGGAGATCCTGT-1,7
TAGCCGGCATATGCTG-1,0
TAGCCGGTCTAACTCT-1,16
TAGCCGGTCTGGTGTA-1,11
TAGGCATAGAGCCCAA-1,5
TAGGCATGTAAGGGCT-1,6
TAGGCATGTACAGTGG-1,1
TAGGCATGTTCAGACT-1,0
TAGGCATTCCCAAGAT-1,17
TAGTGGTAGATGCCTT-1,7
TAGTGGTCAATGCCAT-1,8
TAGTGGTTCCCTAATT-1,2
TAGTGGTTCTTCGAGA-1,4
TAGTTGGCATAAGACA-1,4
TATCAGGCACCAGTTA-1,1
TATCAGGGTTAAAGAC-1,16
TATGCCCGTTGTCGCG-1,3
TATTACCAGATGTGGC-1,4
TCAACGAGTACTCAAC-1,6
TCAACGAGTTCACGGC-1,1
TCAACGATCCAGGGCT-1,0
TCAATCTAGGAATGGA-1,6
TCAATCTGTGCCTGGT-1,0
TCAATCTGTTGAACTC-1,3
TCACAAGAGAAACGCC-1,6
TCACAAGAGCTGCAAG-1,1
TCACAAGAGGTGCTTT-1,6
TCACAAGCATGGTCAT-1,3
TCACAAGGTCTCTTAT-1,7
TCACGAAAGATGCCAG-1,8
TCACGAACATTTGCTT-1,3
TCACGAAGTGCCTGGT-1,3
TCACGAATCTCAAACG-1,5
TCAGCAAAGAGGACGG-1,2
TCAGCAACAATGGACG-1,11
TCAGCAAGTCACTGGC-1,4
TCAGCAATCCAAGCCG-1,0
TCAGCTCAGTACGTTC-1,2
TCAGCTCAGTCCAGGA-1,1
TCAGCTCTCAGAGCTT-1,12
TCAGGATCAAGAGGCT-1,12
TCAGGATGTGATGTGG-1,4
TCAGGATTCCCTTGTG-1,2
TCAGGTAAGCGGCTTC-1,4
TCAGGTATCTGTCTCG-1,7
TCATTACTCATCTGCC-1,10
TCATTTGAGGACATTA-1,0
TCATTTGAGGGATACC-1,4
TCATTTGCACGAAAGC-1,6
TCATTTGTCAGTTTGG-1,16
TCCACACAGCCACGCT-1,0
TCCACACCACTCTGTC-1,0
TCCACACTCATCGGAT-1,8
TCCCGATAGGGTCGAT-1,0
TCCCGATCACAACGCC-1,2
TCCCGATCATCACGTA-1,8
TCGAGGCCAGAGTGTG-1,3
TCGAGGCGTGAGGGAG-1,1
TCGAGGCTCAGCGACC-1,7
TCGAGGCTCGGATGGA-1,6
TCGCGAGGTACCAGTT-1,0
TCGCGAGGTCTAACGT-1,2
TCGCGAGTCAACACTG-1,6
TCGCGTTCAATCTACG-1,4
TCGCGTTGTGCCTGTG-1,1
TCGGGACCATTACCTT-1,17
TCGGGACGTATTAGCC-1,3
TCGGGACGTTATGTGC-1,11
TCGTACCAGAGCTGCA-1,0
TCGTACCAGGCCCGTT-1,6
TCGTACCAGGGTTTCT-1,1
TCGTACCCAAAGGCGT-1,9
TCGTACCGTAGCGCTC-1,3
TCGTACCGTCCGACGT-1,1
TCGTACCTCAGGATCT-1,1
TCGTACCTCGTACGGC-1,12
TCGTAGACACGTGAGA-1,10
TCGTAGAGTCTAAAGA-1,7
TCTATTGAGCCAGAAC-1,8
TCTATTGAGTGCGTGA-1,14
TCTATTGCAGGTCGTC-1,1
TCTCATACACGGCGTT-1,5
TCTCATACATCATCCC-1,2
TCTCTAACAACTTGAC-1,12
TCTCTAAGTATTACCG-1,1
TCTCTAAGTCATTAGC-1,4
TCTCTAAGTCTCCCTA-1,0
TCTCTAAGTTTCCACC-1,2
TCTGAGAAGCGTGAGT-1,8
TCTGAGAGTCGGCTCA-1,6
TCTGGAAAGGTGCTTT-1,4
TCTGGAACACATCTTT-1,15
TCTGGAATCTTCTGGC-1,0
TCTTCGGAGTTGTCGT-1,7
TCTTCGGGTACGCACC-1,2
TCTTCGGGTAGCCTCG-1,7
TCTTCGGGTGCTTCTC-1,4
TCTTCGGTCCATTCTA-1,2
TCTTTCCAGTTGTAGA-1,5
TCTTTCCGTTGGGACA-1,2
TGAAAGAAGCTACCTA-1,2
TGACAACGTGCTAGCC-1,9
TGACAACGTGTGAAAT-1,1
TGACAACTCCTTTCTC-1,3
TGACAACTCGCAGGCT-1,4
TGACGGCCAATAGCAA-1,3
TGACGGCCATACGCTA-1,4
TGACGGCGTACCATCA-1,5
TGACGGCTCGCATGGC-1,4
TGACGGCTCTTGGGTA-1,2
TGACTAGGTCCTCCAT-1,10
TGACTAGTCGAATGGG-1,1
TGACTTTCACGCTTTC-1,13
TGACTTTGTCTGCCAG-1,13
TGACTTTTCACTATTC-1,6
TGAGAGGGTGTGAAAT-1,1
TGAGAGGGTTCGGCAC-1,1
TGAGCATAGTGGGTTG-1,1
TGAGCATTCAACGAAA-1,2
TGAGCATTCGCCATAA-1,0
TGAGCATTCTGCGGCA-1,9
TGAGCATTCTTCATGT-1,0
TGAGCCGAGTCCGGTC-1,1
TGAGCCGCAAGGTTTC-1,5
TGAGCCGGTACCGTTA-1,1
TGAGCCGTCATGCAAC-1,3
TGAGCCGTCTATCCCG-1,3
TGAGGGAAGATATGGT-1,3
TGAGGGAGTATTAGCC-1,1
TGAGGGAGTTAGGGTG-1,0
TGAGGGATCAAAGTAG-1,14
TGAGGGATCTGCCCTA-1,6
TGATTTCAGTGCGATG-1,0
TGATTTCCATCGGAAG-1,1
TGATTTCGTCTAGTCA-1,8
TGCACCTAGACTAAGT-1,5
TGCACCTCAATCCGAT-1,3
TGCACCTGTCTAGAGG-1,3
TGCACCTTCCCTGACT-1,5
TGCCAAAAGATCCCGC-1,3
TGCCAAAAGGCTAGGT-1,1
TGCCAAAAGTCCTCCT-1,0
TGCCAAACACCGATAT-1,0
TGCCAAATCCCTGACT-1,13
TGCCCATAGAACTGTA-1,2
TGCCCATAGAGTGACC-1,10
TGCCCTAAGCCTCGTG-1,5
TGCCCTACAATGTAAG-1,1
TGCCCTAGTAACGACG-1,5
TGCCCTAGTACAGTTC-1,16
TGCCCTAGTGGACGAT-1,1
TGCCCTATCATGCAAC-1,1
TGCGCAGAGAATCTCC-1,2
TGCGCAGAGACAGACC-1,6
TGCGCAGAGTGTTTGC-1,10
TGCGCAGCACTGAAGG-1,12
TGCGCAGTCGCAAACT-1,10
TGCGGGTGTTAAGATG-1,10
TGCGTGGAGAATTCCC-1,7
TGCGTGGCAGCTATTG-1,0
TGCTACCGTACTTCTT-1,5
TGCTGCTCAGCTGTTA-1,9
TGGACGCAGATAGTCA-1,6
TGGACGCTCCTGTAGA-1,2
TGGCGCACAGATTGCT-1,2
TGGCGCACAGCTATTG-1,14
TGGCTGGAGAGACTAT-1,4
TGGCTGGAGGCGACAT-1,0
TGGCTGGCAGCTGTGC-1,4
TGGCTGGTCCAAATGC-1,13
TGGCTGGTCCACTGGG-1,3
TGGGAAGGTACACCGC-1,6
TGGGCGTAGAAGGTGA-1,4
TGGTTAGCAAGCGCTC-1,4
TGGTTAGCATCGGGTC-1,5
TGGTTAGGTGGCGAAT-1,2
TGGTTCCGTCGAACAG-1,5
TGGTTCCGTCTAGGTT-1,3
TGTATTCCAAGAAAGG-1,4
TGTATTCCATGCAACT-1,0
TGTGGTAAGAGTGAGA-1,1
TGTGGTAAGCGTTTAC-1,3
TGTGGTAAGCTTTGGT-1,0
TGTGGTACACGGACAA-1,0
TGTGGTAGTCCGACGT-1,10
TGTGGTAGTGCCTTGG-1,10
TGTGGTATCCCACTTG-1,2
TGTGTTTAGCGTGAGT-1,5
TGTGTTTAGTTCCACA-1,12
TGTGTTTCACACATGT-1,6
TGTGTTTTCCCATTAT-1,3
TGTGTTTTCGCATGGC-1,11
TGTGTTTTCTTGAGGT-1,13
TGTTCCGAGATCCGAG-1,0
TGTTCCGAGTTTCCTT-1,13
TGTTCCGGTTCGCTAA-1,3
TTAACTCGTCACCTAA-1,6
TTAGGACAGTGAAGAG-1,0
TTAGGCAGTAGTGAAT-1,12
TTAGGCAGTCTTCAAG-1,11
TTAGGCATCGTATCAG-1,11
TTAGTTCTCCGAATGT-1,4
TTAGTTCTCTCAACTT-1,5
TTATGCTCACTTGGAT-1,5
TTATGCTCAGACTCGC-1,1
TTATGCTTCATACGGT-1,0
TTATGCTTCCTGCCAT-1,1
TTATGCTTCGGTGTCG-1,13
TTCCCAGAGCCAGTAG-1,13
TTCCCAGAGGCTATCT-1,3
TTCCCAGAGTCTCAAC-1,8
TTCCCAGCAGCCAATT-1,3
TTCCCAGTCTCCAACC-1,0
TTCCCAGTCTTCAACT-1,18
TTCGAAGAGAACAATC-1,2
TTCGAAGCAGACGCAA-1,3
TTCGAAGGTATGGTTC-1,5
TTCGAAGGTGTCTGAT-1,9
TTCGGTCGTACAGACG-1,17
TTCGGTCGTGTTGGGA-1,2
TTCTACAGTTACAGAA-1,1
TTCTACATCTTAGCCC-1,3
TTCTCAAAGCTACCGC-1,0
TTCTCAAAGTGCTGCC-1,4
TTCTCAACATTTGCTT-1,6
TTCTCAATCACCGTAA-1,2
TTCTCCTAGACAAGCC-1,1
TTCTCCTGTCCAGTGC-1,7
TTCTCCTTCCTCATTA-1,8
TTCTTAGCACCAGGCT-1,2
TTCTTAGCAGCATACT-1,5
TTCTTAGGTCGACTAT-1,0
TTGACTTAGAAGGGTA-1,5
TTGCCGTAGTCTTGCA-1,0
TTGCCGTCATTTCAGG-1,1
TTGCCGTGTACAGTGG-1,10
TTGCCGTGTCTCAACA-1,2
TTGCCGTTCAGTACGT-1,17
TTGGAACAGGGCATGT-1,3
TTGGAACGTACCAGTT-1,5
TTGGAACGTCTCGTTC-1,1
TTGGAACGTGTTTGGT-1,3
TTGGAACTCCACTGGG-1,0
TTGGAACTCCATTCTA-1,13
TTGGCAAAGGTGTTAA-1,4
TTGGCAAGTCGCATAT-1,9
TTGTAGGAGCCACGCT-1,1
TTGTAGGCACATCCGG-1,4
TTGTAGGGTAGCCTAT-1,10
TTTACTGAGCGTCTAT-1,2
TTTACTGAGGGATGGG-1,2
TTTACTGCAAACAACA-1,9
TTTACTGGTCCAACTA-1,1
TTTATGCTCGTATCAG-1,14
TTTCCTCAGAGTTGGC-1,11
TTTCCTCCAGTCAGCC-1,0
TTTCCTCGTCTAGTGT-1,2
TTTCCTCTCACTGGGC-1,15
TTTCCTCTCTTTCCTC-1,4
TTTGCGCTCGACAGCC-1,8
TTTGTCACAACTTGAC-1,13
TTTGTCACACATGACT-1,3
TTTGTCACAGAAGCAC-1,1
TTTGTCAGTGACAAAT-1,14
TTTGTCATCCAGAAGG-1,4
